algorithm,avg_latency,avg_queuing,avg_communication,avg_qos,total_penalty,mem_utilization,success_rate,deployment_cost,fitness,param,value
our,448.939048956908,448.939048956908,0.0,0,0.0,0.26429067333333334,1.0,4,0,arrival_rate,100.0
our,448.939048956908,448.939048956908,0.0,0,0.0,0.26429067333333334,1.0,4,0,arrival_rate,200.0
our,444.65539158702325,444.65539158702325,0.0,0,0.0,0.26429067333333334,1.0,4,0,arrival_rate,300.0
our,446.5854874449893,446.5854874449893,0.0,0,0.0,0.26429067333333334,1.0,4,0,arrival_rate,400.0
our,454.52712943232757,454.52712943232757,0.0,0,0.0,0.26429067333333334,1.0,4,0,arrival_rate,500.0
