Experiment,Algorithm,Total_Delay_D,Avg_QoS_Q,Comp_Delay,Comm_Delay,Mem_Utilization,Penalty_Score,Fitness
n_task_types,cds-m,0.29119853503055654,3.4517778560566574,0.26753094243796394,0.02366759259259259,0.7992791153086419,15522.594457193332,-15520.598672012427
n_task_types,drs,0.23401328732387514,3.4414586351267413,0.19550550954609736,0.03850777777777778,0.8048669681481482,16164.527004514637,-16162.255612316127
n_task_types,ffd-m,0.3251471092970656,3.4789042230602267,0.3043943315192878,0.020752777777777776,0.8007484288888889,28300.20640017548,-28298.353231498902
n_task_types,greedy-m,0.28063114615402174,3.428544530832323,0.24062559059846617,0.04000555555555555,0.8048669681481482,4106.99762160268,-4104.972232802617
n_task_types,lego,0.29119853503055654,3.4517778560566574,0.26753094243796394,0.02366759259259259,0.7992791153086419,15522.594457193332,-15520.598672012427
n_task_types,our,0.06609482536510178,2.3274102080799275,0.03900247630127123,0.027092349063830547,0.9489084518518519,1555.5555555555557,-1553.5586194743012
n_task_types,random-m,0.24347645746701627,3.426233567858156,0.20634867968923848,0.03712777777777778,0.8033976545679011,1720.0825600701912,-1717.8737087896684
