Experiment,Algorithm,Total_Delay_D,Avg_QoS_Q,Comp_Delay,Comm_Delay,Mem_Utilization,Penalty_Score,Fitness
arrival_rate,cds-m,0.8873415053081828,3.549412395679537,0.8558558706768997,0.031485634631283066,0.7861824636111111,222773.15130272234,-222774.0385978532
arrival_rate,drs,1.0076438403061467,3.5189197487028605,0.9686683750283691,0.038975465277777774,0.7801250661111111,271410.832534284,-271412.3518337368
arrival_rate,ffd-m,1.0429798155415217,3.5136001235114955,1.0163359252353994,0.02664389030612245,0.7857827255555555,284293.3886099645,-284295.0899089187
arrival_rate,greedy-m,0.8243764437542757,3.5374207990186908,0.7835332818412465,0.0408431619130291,0.7836755422222222,192304.32105565007,-192304.90551706983
arrival_rate,lego,0.8873415053081828,3.549412395679537,0.8558558706768997,0.031485634631283066,0.7861824636111111,222773.15130272234,-222774.0385978532
arrival_rate,our,0.16698742705469327,2.821798557848292,0.134082446569886,0.032904980484807285,0.9528857819444445,21455.278640236902,-21453.291778814328
arrival_rate,random-m,0.9655610051599584,3.5484684028540268,0.9271807356493764,0.03838026951058201,0.7905127219444444,235655.70737840288,-235656.98671502582
